batch,trial,timestamp,params,val_accuracy,test_accuracy,log_loss,brier,train_accuracy,overfit_gap,walk_forward_acc,cv_mean_acc,cv_std_acc,cv_min_acc,cv_max_acc,cv_stability_ratio,cv_mean_log_loss
99,1,2026-06-15T15:38:12.983408,"{'n_estimators': 1447, 'max_depth': 7, 'learning_rate': 0.015091228571707317, 'subsample': 0.724615467649157, 'colsample_bytree': 0.9745706872952555, 'reg_alpha': 0.3664575910527581, 'reg_lambda': 0.0007039009769565511, 'min_child_weight': 10, 'gamma': 0.7712396464195107, 'tree_method': 'hist', 'device': 'cpu'}",5409.01,58.9357,0.9187,0.1791,94.7376,35.8019,0.0,57.0779,1.4939,55.3954,59.0257,35.8104,0.9351
99,2,2026-06-15T15:39:45.332633,"{'n_estimators': 1407, 'max_depth': 5, 'learning_rate': 0.02188529446885412, 'subsample': 0.8496839347857699, 'colsample_bytree': 0.8067231941115699, 'reg_alpha': 0.0007273413362806731, 'reg_lambda': 0.38491333687172913, 'min_child_weight': 5, 'gamma': 0.4914926588936236, 'tree_method': 'hist', 'device': 'cpu'}",5339.6,59.2137,0.9178,0.1791,91.3555,32.1419,0.0,56.9224,1.7632,54.9585,59.2349,30.5515,0.9451
12,8,2026-06-15T15:46:10.095639,"{'max_depth': 13, 'n_estimators': 2186, 'learning_rate': 0.019104644423939273, 'min_child_weight': 3, 'gamma': 2.5819376093603728, 'reg_alpha': 5.320021674047845, 'reg_lambda': 3.685603883306817e-05, 'max_delta_step': 7.393893075164668, 'num_parallel_tree': 6, 'tree_method': 'approx', 'max_bin': 462, 'grow_policy': 'lossguide', 'subsample': 0.8245304267511084, 'colsample_bytree': 0.9219619314530956, 'colsample_bylevel': 0.5630119845152032, 'colsample_bynode': 0.9660505555021519}",61.3852,60.2859,0.8739,0.1713,63.7716,3.4857,59.1755
12,9,2026-06-15T15:47:08.211624,"{'max_depth': 16, 'n_estimators': 683, 'learning_rate': 0.01803872397176787, 'min_child_weight': 8, 'gamma': 3.817672411812301, 'reg_alpha': 0.02814765846492364, 'reg_lambda': 22.518691524336212, 'max_delta_step': 9.158281864829323, 'num_parallel_tree': 7, 'tree_method': 'hist', 'max_bin': 284, 'grow_policy': 'depthwise', 'subsample': 0.4439396437359543, 'colsample_bytree': 0.9733766701099114, 'colsample_bylevel': 0.5968381256040793, 'colsample_bynode': 0.8748371548805662}",60.8159,60.4845,0.8755,0.1714,60.0108,-0.4737,59.4717
12,10,2026-06-15T15:49:17.937311,"{'max_depth': 9, 'n_estimators': 1887, 'learning_rate': 0.34435302695547887, 'min_child_weight': 10, 'gamma': 1.5491215258447406, 'reg_alpha': 13.901633963934245, 'reg_lambda': 0.004218678753560126, 'max_delta_step': 9.337575695421801, 'num_parallel_tree': 6, 'tree_method': 'auto', 'max_bin': 232, 'grow_policy': 'depthwise', 'subsample': 0.3720370338714562, 'colsample_bytree': 0.3847880025353239, 'colsample_bylevel': 0.7382737459478387, 'colsample_bynode': 0.789793251909506}",60.9108,59.6505,0.8896,0.1743,66.085,6.4344,58.8619
100,1,2026-06-15T15:51:58.628732,"{'n_estimators': 1323, 'max_depth': 10, 'learning_rate': 0.015365854664969713, 'subsample': 0.5800840086479215, 'colsample_bytree': 0.5087471303900746, 'reg_alpha': 2.7432977139838357, 'reg_lambda': 0.9751045624325401, 'min_child_weight': 5, 'gamma': 0.5911507528340602, 'tree_method': 'hist', 'device': 'cpu'}",5501.07,59.7697,0.9014,0.1767,89.6374,29.8678,0.0,0.0,0.0,0.0,0.0,0.0,0.0
100,2,2026-06-15T15:52:02.742689,"{'n_estimators': 281, 'max_depth': 6, 'learning_rate': 0.03474141803841413, 'subsample': 0.6237031601012804, 'colsample_bytree': 0.6603659339037016, 'reg_alpha': 7.523007278366883, 'reg_lambda': 2.150824694735441, 'min_child_weight': 5, 'gamma': 0.225053803821611, 'tree_method': 'hist', 'device': 'cpu'}",5588.93,60.4845,0.8822,0.1728,68.3983,7.9138,0.0,0.0,0.0,0.0,0.0,0.0,0.0
100,3,2026-06-15T15:52:05.197332,"{'n_estimators': 147, 'max_depth': 7, 'learning_rate': 0.010638677567436963, 'subsample': 0.8151104217433515, 'colsample_bytree': 0.6456547410044016, 'reg_alpha': 0.017318378015331468, 'reg_lambda': 0.03319264689273657, 'min_child_weight': 7, 'gamma': 0.42454935106678404, 'tree_method': 'hist', 'device': 'cpu'}",5594.52,60.3257,0.8998,0.1754,63.6634,3.3378,0.0,0.0,0.0,0.0,0.0,0.0,0.0
100,4,2026-06-15T15:52:12.497196,"{'n_estimators': 822, 'max_depth': 8, 'learning_rate': 0.22974327195071104, 'subsample': 0.5512583237742914, 'colsample_bytree': 0.5300359229257348, 'reg_alpha': 0.00023819475680296275, 'reg_lambda': 0.004643540094865242, 'min_child_weight': 8, 'gamma': 0.8615609110019621, 'tree_method': 'hist', 'device': 'cpu'}",57.1157,57.8237,1.0065,0.1916,98.9719,41.1482,0.0,0.0,0.0,0.0,0.0,0.0,0.0
100,6,2026-06-15T15:52:44.515228,"{'n_estimators': 1877, 'max_depth': 6, 'learning_rate': 0.025775027469579076, 'subsample': 0.5271844284737748, 'colsample_bytree': 0.8060168325831198, 'reg_alpha': 0.009886921019759786, 'reg_lambda': 4.523659434623489, 'min_child_weight': 2, 'gamma': 0.3229123250788758, 'tree_method': 'hist', 'device': 'cpu'}",58.7287,58.062,0.9901,0.189,99.9594,41.8975,0.0,0.0,0.0,0.0,0.0,0.0,0.0
100,7,2026-06-15T15:52:51.977280,"{'n_estimators': 887, 'max_depth': 5, 'learning_rate': 0.28772114954487404, 'subsample': 0.6365695147798123, 'colsample_bytree': 0.9575892823537024, 'reg_alpha': 0.0005121451853375543, 'reg_lambda': 0.003617696036383864, 'min_child_weight': 8, 'gamma': 0.39226488209810306, 'tree_method': 'hist', 'device': 'cpu'}",5131.73,56.3542,1.1878,0.2104,100.0,43.6458,0.0,0.0,0.0,0.0,0.0,0.0,0.0
100,8,2026-06-15T15:52:58.061115,"{'n_estimators': 811, 'max_depth': 11, 'learning_rate': 0.12106127030246706, 'subsample': 0.9070037187873456, 'colsample_bytree': 0.9709538979924828, 'reg_alpha': 0.0030482706515663296, 'reg_lambda': 0.1900994466844349, 'min_child_weight': 8, 'gamma': 0.4054620345206711, 'tree_method': 'hist', 'device': 'cpu'}",59.5825,57.784,0.9622,0.185,99.8918,42.1078,0.0,0.0,0.0,0.0,0.0,0.0,0.0
100,10,2026-06-15T15:53:09.194314,"{'n_estimators': 1931, 'max_depth': 3, 'learning_rate': 0.03175110029717534, 'subsample': 0.9837209295186538, 'colsample_bytree': 0.8773871086461766, 'reg_alpha': 0.5729668081050774, 'reg_lambda': 9.480818372788775, 'min_child_weight': 4, 'gamma': 0.44089482181422934, 'tree_method': 'hist', 'device': 'cpu'}",60.0569,59.3328,0.8939,0.1755,68.6824,9.3496,0.0,0.0,0.0,0.0,0.0,0.0,0.0
100,11,2026-06-15T15:53:11.213059,"{'n_estimators': 157, 'max_depth': 6, 'learning_rate': 0.039955382957548614, 'subsample': 0.7102848727639213, 'colsample_bytree': 0.8366540243948226, 'reg_alpha': 0.43939848150010474, 'reg_lambda': 0.009933247896064052, 'min_child_weight': 7, 'gamma': 0.5792790885212107, 'tree_method': 'hist', 'device': 'cpu'}",60.7211,60.6831,0.8834,0.1732,71.6315,10.9484,0.0,0.0,0.0,0.0,0.0,0.0,0.0
100,1,2026-06-15T15:53:42.535109,"{'n_estimators': 1323, 'max_depth': 10, 'learning_rate': 0.015365854664969713, 'subsample': 0.5800840086479215, 'colsample_bytree': 0.5087471303900746, 'reg_alpha': 2.7432977139838357, 'reg_lambda': 0.9751045624325401, 'min_child_weight': 5, 'gamma': 0.5911507528340602, 'tree_method': 'hist', 'device': 'cpu'}",5501.07,59.7697,0.9014,0.1767,89.6374,29.8678,0.0,57.7579,1.3736,56.0507,59.4142,39.1942,0.9138
100,2,2026-06-15T15:53:54.852278,"{'n_estimators': 281, 'max_depth': 6, 'learning_rate': 0.03474141803841413, 'subsample': 0.6237031601012804, 'colsample_bytree': 0.6603659339037016, 'reg_alpha': 7.523007278366883, 'reg_lambda': 2.150824694735441, 'min_child_weight': 5, 'gamma': 0.225053803821611, 'tree_method': 'hist', 'device': 'cpu'}",5588.93,60.4845,0.8822,0.1728,68.3983,7.9138,0.0,58.6593,1.385,57.0118,60.4005,39.5011,0.8965
100,1,2026-06-15T15:53:58.758664,"{'n_estimators': 1323, 'max_depth': 10, 'learning_rate': 0.015365854664969713, 'subsample': 0.5800840086479215, 'colsample_bytree': 0.5087471303900746, 'reg_alpha': 2.7432977139838357, 'reg_lambda': 0.9751045624325401, 'min_child_weight': 5, 'gamma': 0.5911507528340602, 'tree_method': 'hist', 'device': 'cpu'}",5501.07,59.7697,0.9014,0.1767,89.6374,29.8678,0.0,57.7579,1.3736,56.0507,59.4142,39.1942,0.9138
100,3,2026-06-15T15:54:04.670746,"{'n_estimators': 147, 'max_depth': 7, 'learning_rate': 0.010638677567436963, 'subsample': 0.8151104217433515, 'colsample_bytree': 0.6456547410044016, 'reg_alpha': 0.017318378015331468, 'reg_lambda': 0.03319264689273657, 'min_child_weight': 7, 'gamma': 0.42454935106678404, 'tree_method': 'hist', 'device': 'cpu'}",5594.52,60.3257,0.8998,0.1754,63.6634,3.3378,0.0,58.7564,1.4056,56.9244,60.3407,39.0242,0.9111
100,2,2026-06-15T15:54:12.579969,"{'n_estimators': 281, 'max_depth': 6, 'learning_rate': 0.03474141803841413, 'subsample': 0.6237031601012804, 'colsample_bytree': 0.6603659339037016, 'reg_alpha': 7.523007278366883, 'reg_lambda': 2.150824694735441, 'min_child_weight': 5, 'gamma': 0.225053803821611, 'tree_method': 'hist', 'device': 'cpu'}",5588.93,60.4845,0.8822,0.1728,68.3983,7.9138,0.0,58.6593,1.385,57.0118,60.4005,39.5011,0.8965
100,3,2026-06-15T15:54:22.867493,"{'n_estimators': 147, 'max_depth': 7, 'learning_rate': 0.010638677567436963, 'subsample': 0.8151104217433515, 'colsample_bytree': 0.6456547410044016, 'reg_alpha': 0.017318378015331468, 'reg_lambda': 0.03319264689273657, 'min_child_weight': 7, 'gamma': 0.42454935106678404, 'tree_method': 'hist', 'device': 'cpu'}",5594.52,60.3257,0.8998,0.1754,63.6634,3.3378,0.0,58.7564,1.4056,56.9244,60.3407,39.0242,0.9111
100,4,2026-06-15T15:54:26.278318,"{'n_estimators': 822, 'max_depth': 8, 'learning_rate': 0.22974327195071104, 'subsample': 0.5512583237742914, 'colsample_bytree': 0.5300359229257348, 'reg_alpha': 0.00023819475680296275, 'reg_lambda': 0.004643540094865242, 'min_child_weight': 8, 'gamma': 0.8615609110019621, 'tree_method': 'hist', 'device': 'cpu'}",57.1157,57.8237,1.0065,0.1916,98.9719,41.1482,0.0,55.0699,1.2796,53.3858,56.4854,39.9175,1.0497
100,4,2026-06-15T15:54:45.838949,"{'n_estimators': 822, 'max_depth': 8, 'learning_rate': 0.22974327195071104, 'subsample': 0.5512583237742914, 'colsample_bytree': 0.5300359229257348, 'reg_alpha': 0.00023819475680296275, 'reg_lambda': 0.004643540094865242, 'min_child_weight': 8, 'gamma': 0.8615609110019621, 'tree_method': 'hist', 'device': 'cpu'}",57.1157,57.8237,1.0065,0.1916,98.9719,41.1482,0.0,55.0699,1.2796,53.3858,56.4854,39.9175,1.0497
100,5,2026-06-15T15:55:46.389048,"{'n_estimators': 978, 'max_depth': 10, 'learning_rate': 0.014568079341730643, 'subsample': 0.937353710040157, 'colsample_bytree': 0.8079392493105925, 'reg_alpha': 0.004878094195225947, 'reg_lambda': 0.002904040130740702, 'min_child_weight': 6, 'gamma': 0.07153464714144253, 'tree_method': 'hist', 'device': 'cpu'}",5322.52,59.2534,0.9399,0.1815,99.9729,40.7196,0.0,56.9006,1.8377,54.7837,59.2648,29.3648,0.976
100,5,2026-06-15T15:56:02.607306,"{'n_estimators': 978, 'max_depth': 10, 'learning_rate': 0.014568079341730643, 'subsample': 0.937353710040157, 'colsample_bytree': 0.8079392493105925, 'reg_alpha': 0.004878094195225947, 'reg_lambda': 0.002904040130740702, 'min_child_weight': 6, 'gamma': 0.07153464714144253, 'tree_method': 'hist', 'device': 'cpu'}",5322.52,59.2534,0.9399,0.1815,99.9729,40.7196,0.0,56.9006,1.8377,54.7837,59.2648,29.3648,0.976
100,6,2026-06-15T15:57:07.824204,"{'n_estimators': 1877, 'max_depth': 6, 'learning_rate': 0.025775027469579076, 'subsample': 0.5271844284737748, 'colsample_bytree': 0.8060168325831198, 'reg_alpha': 0.009886921019759786, 'reg_lambda': 4.523659434623489, 'min_child_weight': 2, 'gamma': 0.3229123250788758, 'tree_method': 'hist', 'device': 'cpu'}",58.7287,58.062,0.9901,0.189,99.9594,41.8975,0.0,56.245,1.6951,54.3906,58.4877,31.3331,1.0142
100,6,2026-06-15T15:57:23.162652,"{'n_estimators': 1877, 'max_depth': 6, 'learning_rate': 0.025775027469579076, 'subsample': 0.5271844284737748, 'colsample_bytree': 0.8060168325831198, 'reg_alpha': 0.009886921019759786, 'reg_lambda': 4.523659434623489, 'min_child_weight': 2, 'gamma': 0.3229123250788758, 'tree_method': 'hist', 'device': 'cpu'}",58.7287,58.062,0.9901,0.189,99.9594,41.8975,0.0,56.245,1.6951,54.3906,58.4877,31.3331,1.0142
100,7,2026-06-15T15:57:28.000104,"{'n_estimators': 887, 'max_depth': 5, 'learning_rate': 0.28772114954487404, 'subsample': 0.6365695147798123, 'colsample_bytree': 0.9575892823537024, 'reg_alpha': 0.0005121451853375543, 'reg_lambda': 0.003617696036383864, 'min_child_weight': 8, 'gamma': 0.39226488209810306, 'tree_method': 'hist', 'device': 'cpu'}",5131.73,56.3542,1.1878,0.2104,100.0,43.6458,0.0,54.7143,1.6985,52.4683,56.575,30.4215,1.1955
100,7,2026-06-15T15:57:44.114386,"{'n_estimators': 887, 'max_depth': 5, 'learning_rate': 0.28772114954487404, 'subsample': 0.6365695147798123, 'colsample_bytree': 0.9575892823537024, 'reg_alpha': 0.0005121451853375543, 'reg_lambda': 0.003617696036383864, 'min_child_weight': 8, 'gamma': 0.39226488209810306, 'tree_method': 'hist', 'device': 'cpu'}",5131.73,56.3542,1.1878,0.2104,100.0,43.6458,0.0,54.7143,1.6985,52.4683,56.575,30.4215,1.1955
100,8,2026-06-15T15:57:46.341989,"{'n_estimators': 811, 'max_depth': 11, 'learning_rate': 0.12106127030246706, 'subsample': 0.9070037187873456, 'colsample_bytree': 0.9709538979924828, 'reg_alpha': 0.0030482706515663296, 'reg_lambda': 0.1900994466844349, 'min_child_weight': 8, 'gamma': 0.4054620345206711, 'tree_method': 'hist', 'device': 'cpu'}",59.5825,57.784,0.9622,0.185,99.8918,42.1078,0.0,56.53,1.4764,54.8274,58.428,35.8604,0.9768
100,8,2026-06-15T15:57:59.444746,"{'n_estimators': 811, 'max_depth': 11, 'learning_rate': 0.12106127030246706, 'subsample': 0.9070037187873456, 'colsample_bytree': 0.9709538979924828, 'reg_alpha': 0.0030482706515663296, 'reg_lambda': 0.1900994466844349, 'min_child_weight': 8, 'gamma': 0.4054620345206711, 'tree_method': 'hist', 'device': 'cpu'}",59.5825,57.784,0.9622,0.185,99.8918,42.1078,0.0,56.53,1.4764,54.8274,58.428,35.8604,0.9768
100,9,2026-06-15T15:58:08.617850,"{'n_estimators': 1645, 'max_depth': 11, 'learning_rate': 0.1684991535557539, 'subsample': 0.8021820872016432, 'colsample_bytree': 0.5653654841732761, 'reg_alpha': 0.18953144021353868, 'reg_lambda': 0.0022443017335970743, 'min_child_weight': 4, 'gamma': 0.9323470857474213, 'tree_method': 'hist', 'device': 'cpu'}",5372.14,58.8562,0.9263,0.1806,97.4567,38.6005,0.0,56.2974,1.288,55.0459,58.0693,40.5594,0.943
100,9,2026-06-15T15:58:23.567238,"{'n_estimators': 1645, 'max_depth': 11, 'learning_rate': 0.1684991535557539, 'subsample': 0.8021820872016432, 'colsample_bytree': 0.5653654841732761, 'reg_alpha': 0.18953144021353868, 'reg_lambda': 0.0022443017335970743, 'min_child_weight': 4, 'gamma': 0.9323470857474213, 'tree_method': 'hist', 'device': 'cpu'}",5372.14,58.8562,0.9263,0.1806,97.4567,38.6005,0.0,56.2974,1.288,55.0459,58.0693,40.5594,0.943
1,0,2026-06-17T19:56:29.188761,"{'n_estimators': 416, 'max_depth': 4, 'learning_rate': 0.05262817118687823, 'subsample': 0.9694888620160322, 'colsample_bytree': 0.6701253482949276, 'reg_alpha': 0.0003530286907731756, 'reg_lambda': 0.012146847056835736, 'min_child_weight': 9, 'gamma': 0.906638108868945, 'tree_method': 'hist', 'device': 'cpu'}",0.8976,60.4845,0.8777,0.1717,,,0.0,58.6324,2.6271,55.1376,61.4715,21.5002,0.8976
1,1,2026-06-17T19:56:29.199266,"{'n_estimators': 812, 'max_depth': 12, 'learning_rate': 0.1205712628744377, 'subsample': 0.7993292420985183, 'colsample_bytree': 0.5780093202212182, 'reg_alpha': 0.000602521573620386, 'reg_lambda': 0.00019517224641449495, 'min_child_weight': 9, 'gamma': 0.6011150117432088, 'tree_method': 'hist', 'device': 'cpu'}",0.9118,59.6108,0.892,0.174,,,0.0,58.1002,2.7285,54.4638,61.0361,20.5411,0.9118
1,2,2026-06-17T19:56:29.206287,"{'n_estimators': 1446, 'max_depth': 3, 'learning_rate': 0.2708160864249968, 'subsample': 0.9162213204002109, 'colsample_bytree': 0.6061695553391381, 'reg_alpha': 0.0008111941985431928, 'reg_lambda': 0.0008260808399079611, 'min_child_weight': 4, 'gamma': 0.5247564316322378, 'tree_method': 'hist', 'device': 'cpu'}",0.8956,60.2462,0.878,0.1719,,,0.0,58.8656,2.8857,55.0814,62.081,19.7157,0.8956
1,3,2026-06-17T19:56:29.213936,"{'n_estimators': 921, 'max_depth': 5, 'learning_rate': 0.08012737503998542, 'subsample': 0.569746930326021, 'colsample_bytree': 0.6460723242676091, 'reg_alpha': 0.006789053271698486, 'reg_lambda': 0.019069966103000432, 'min_child_weight': 8, 'gamma': 0.19967378215835974, 'tree_method': 'hist', 'device': 'cpu'}",0.9009,60.2065,0.8803,0.172,,,0.0,58.6157,2.1819,55.6429,60.8185,25.6868,0.9009
1,4,2026-06-17T19:56:29.221827,"{'n_estimators': 1077, 'max_depth': 8, 'learning_rate': 0.011711509955524094, 'subsample': 0.8037724259507192, 'colsample_bytree': 0.5852620618436457, 'reg_alpha': 0.00021147447960615738, 'reg_lambda': 5.5517216852447255, 'min_child_weight': 10, 'gamma': 0.8083973481164611, 'tree_method': 'hist', 'device': 'cpu'}",0.9016,59.9285,0.8837,0.1725,,,0.0,58.6272,2.6641,55.1376,61.6021,21.2102,0.9016
1,5,2026-06-17T19:56:29.228780,"{'n_estimators': 679, 'max_depth': 3, 'learning_rate': 0.1024932221692416, 'subsample': 0.7200762468698007, 'colsample_bytree': 0.5610191174223894, 'reg_alpha': 0.029914693021302164, 'reg_lambda': 0.00014857392806279257, 'min_child_weight': 10, 'gamma': 0.2587799816000169, 'tree_method': 'hist', 'device': 'cpu'}",0.8957,60.3257,0.877,0.1715,,,0.0,58.764,2.2874,55.7552,61.2973,24.6141,0.8957
1,6,2026-06-17T19:56:29.235312,"{'n_estimators': 1359, 'max_depth': 6, 'learning_rate': 0.05864129169696527, 'subsample': 0.7733551396716398, 'colsample_bytree': 0.5924272277627636, 'reg_alpha': 7.045683638454494, 'reg_lambda': 0.7510418138777541, 'min_child_weight': 10, 'gamma': 0.8948273504276488, 'tree_method': 'hist', 'device': 'cpu'}",0.8985,60.2065,0.8783,0.1717,,,0.0,58.8245,2.6335,55.5867,62.0374,21.5195,0.8985
1,7,2026-06-17T19:56:29.241648,"{'n_estimators': 1236, 'max_depth': 12, 'learning_rate': 0.01351182947645082, 'subsample': 0.5979914312095727, 'colsample_bytree': 0.522613644455269, 'reg_alpha': 0.004233032996527599, 'reg_lambda': 0.00877781550471966, 'min_child_weight': 3, 'gamma': 0.8287375091519293, 'tree_method': 'hist', 'device': 'cpu'}",0.907,59.7299,0.8872,0.1732,,,0.0,58.2581,2.2991,55.1937,60.7314,24.2836,0.907
1,8,2026-06-17T19:56:29.247533,"{'n_estimators': 778, 'max_depth': 5, 'learning_rate': 0.06333268775321843, 'subsample': 0.5704621124873813, 'colsample_bytree': 0.9010984903770198, 'reg_alpha': 0.0002359137306347715, 'reg_lambda': 8.598737339212267, 'min_child_weight': 8, 'gamma': 0.1987156815341724, 'tree_method': 'hist', 'device': 'cpu'}",0.8999,60.0874,0.8788,0.1716,,,0.0,58.5889,2.5803,55.1376,61.3409,21.859,0.8999
1,9,2026-06-17T19:56:29.254012,"{'n_estimators': 110, 'max_depth': 11, 'learning_rate': 0.11069143219393454, 'subsample': 0.8645035840204937, 'colsample_bytree': 0.8856351733429728, 'reg_alpha': 0.00023454342277260534, 'reg_lambda': 0.006199100007802264, 'min_child_weight': 2, 'gamma': 0.8631034258755935, 'tree_method': 'hist', 'device': 'cpu'}",0.9192,59.9285,0.8925,0.1742,,,0.0,57.3864,2.2526,54.2953,59.5995,24.3924,0.9192
1,10,2026-06-17T19:56:29.260037,"{'n_estimators': 1284, 'max_depth': 6, 'learning_rate': 0.012413189635294229, 'subsample': 0.6554911608578311, 'colsample_bytree': 0.6625916610133735, 'reg_alpha': 0.44466289554754435, 'reg_lambda': 0.1540945776288154, 'min_child_weight': 9, 'gamma': 0.4722149251619493, 'tree_method': 'hist', 'device': 'cpu'}",0.899,60.4051,0.8805,0.1721,,,0.0,58.5633,2.3224,55.5867,61.2538,24.1758,0.899
1,11,2026-06-17T19:56:29.266059,"{'n_estimators': 327, 'max_depth': 10, 'learning_rate': 0.13297554090738672, 'subsample': 0.7806385987847482, 'colsample_bytree': 0.8854835899772805, 'reg_alpha': 0.02944272359149678, 'reg_lambda': 0.04108318894699928, 'min_child_weight': 5, 'gamma': 0.02541912674409519, 'tree_method': 'hist', 'device': 'cpu'}",0.9167,58.8959,0.8949,0.1746,,,0.0,57.3524,2.6775,54.183,60.7314,20.6493,0.9167
1,12,2026-06-17T19:56:29.272214,"{'n_estimators': 305, 'max_depth': 3, 'learning_rate': 0.08710745900492396, 'subsample': 0.6571779905381634, 'colsample_bytree': 0.7542853455823514, 'reg_alpha': 3.4501054536130167, 'reg_lambda': 0.0017638479543546886, 'min_child_weight': 5, 'gamma': 0.7555511385430487, 'tree_method': 'hist', 'device': 'cpu'}",0.8969,60.1668,0.8769,0.1714,,,0.0,58.9734,2.4771,55.699,61.6892,22.8832,0.8969
1,13,2026-06-17T19:56:29.278090,"{'n_estimators': 534, 'max_depth': 3, 'learning_rate': 0.02679156169946617, 'subsample': 0.5806106436270022, 'colsample_bytree': 0.9648488261712865, 'reg_alpha': 1.0979988817809656, 'reg_lambda': 0.146898980776488, 'min_child_weight': 9, 'gamma': 0.8036720768991145, 'tree_method': 'hist', 'device': 'cpu'}",0.8942,60.4448,0.8759,0.1713,,,0.0,58.8759,2.4589,55.699,61.6892,23.008,0.8942
1,14,2026-06-17T19:56:29.284164,"{'n_estimators': 454, 'max_depth': 11, 'learning_rate': 0.06261435181296006, 'subsample': 0.9037200775820313, 'colsample_bytree': 0.9480456499617467, 'reg_alpha': 0.003890607098705634, 'reg_lambda': 0.000355025561231308, 'min_child_weight': 3, 'gamma': 0.4271077886262563, 'tree_method': 'hist', 'device': 'cpu'}",0.9185,59.5314,0.8913,0.1739,,,0.0,57.5006,2.344,54.6884,60.4266,23.527,0.9185
1,15,2026-06-17T19:56:29.290351,"{'n_estimators': 1655, 'max_depth': 11, 'learning_rate': 0.010239273411172712, 'subsample': 0.7553736512887829, 'colsample_bytree': 0.7087055015743895, 'reg_alpha': 0.001289849537718266, 'reg_lambda': 0.0003974905761171869, 'min_child_weight': 4, 'gamma': 0.9429097039125192, 'tree_method': 'hist', 'device': 'cpu'}",0.9068,59.4122,0.8876,0.1732,,,0.0,58.3732,2.4268,55.2499,61.1667,23.1017,0.9068
1,16,2026-06-17T19:56:29.296387,"{'n_estimators': 714, 'max_depth': 8, 'learning_rate': 0.10925573591447926, 'subsample': 0.681814801189647, 'colsample_bytree': 0.9858910413604803, 'reg_alpha': 6.489877132084344, 'reg_lambda': 0.0018151456496577564, 'min_child_weight': 5, 'gamma': 0.30087830981676966, 'tree_method': 'hist', 'device': 'cpu'}",0.9047,60.2859,0.882,0.1722,,,0.0,58.6263,2.8185,55.0253,61.9068,20.0877,0.9047
1,17,2026-06-17T19:56:29.302526,"{'n_estimators': 641, 'max_depth': 3, 'learning_rate': 0.07950609693143304, 'subsample': 0.7513395116144308, 'colsample_bytree': 0.5257393756249946, 'reg_alpha': 0.002473046721099914, 'reg_lambda': 3.477998816092334, 'min_child_weight': 3, 'gamma': 0.1448948720912231, 'tree_method': 'hist', 'device': 'cpu'}",0.8949,60.4845,0.877,0.1715,,,0.0,58.9531,2.4963,55.9236,62.0374,22.707,0.8949
1,18,2026-06-17T19:56:29.308711,"{'n_estimators': 1030, 'max_depth': 12, 'learning_rate': 0.022779541913782567, 'subsample': 0.8360677737029393, 'colsample_bytree': 0.8808098076643588, 'reg_alpha': 0.0015423669834226219, 'reg_lambda': 0.4376044634724404, 'min_child_weight': 4, 'gamma': 0.6323058305935795, 'tree_method': 'hist', 'device': 'cpu'}",0.9126,59.7299,0.8911,0.1737,,,0.0,57.9395,2.6777,54.7445,61.2973,20.8592,0.9126
1,19,2026-06-17T19:56:29.314776,"{'n_estimators': 1304, 'max_depth': 8, 'learning_rate': 0.013594678406051506, 'subsample': 0.917651247794619, 'colsample_bytree': 0.6603900324858679, 'reg_alpha': 0.0008562341633595543, 'reg_lambda': 0.00015991003111214837, 'min_child_weight': 6, 'gamma': 0.6775643618422824, 'tree_method': 'hist', 'device': 'cpu'}",0.9042,60.2065,0.8849,0.1727,,,0.0,58.2821,2.521,55.0253,61.1667,22.2364,0.9042
1,20,2026-06-17T19:56:29.321072,"{'n_estimators': 131, 'max_depth': 8, 'learning_rate': 0.02160537077027906, 'subsample': 0.822586395204725, 'colsample_bytree': 0.5871832145024958, 'reg_alpha': 0.2848975342612562, 'reg_lambda': 0.008583743499363281, 'min_child_weight': 10, 'gamma': 0.13752094414599325, 'tree_method': 'hist', 'device': 'cpu'}",0.9044,60.0079,0.8878,0.1733,,,0.0,58.4454,2.7689,54.6322,61.1232,20.3723,0.9044
1,21,2026-06-17T19:56:29.326986,"{'n_estimators': 748, 'max_depth': 4, 'learning_rate': 0.2322119672134763, 'subsample': 0.9386696766904905, 'colsample_bytree': 0.6289708138575778, 'reg_alpha': 0.19948958651882567, 'reg_lambda': 1.2193011993958955, 'min_child_weight': 6, 'gamma': 0.5296505783560065, 'tree_method': 'hist', 'device': 'cpu'}",0.9001,60.2462,0.8795,0.172,,,0.0,58.6086,2.5643,55.1376,61.2538,21.9976,0.9001
1,22,2026-06-17T19:56:29.333103,"{'n_estimators': 559, 'max_depth': 3, 'learning_rate': 0.21149322814164553, 'subsample': 0.9502090285816652, 'colsample_bytree': 0.816550728636634, 'reg_alpha': 0.0049562015050808325, 'reg_lambda': 0.005572471719063598, 'min_child_weight': 8, 'gamma': 0.8971102599525771, 'tree_method': 'hist', 'device': 'cpu'}",0.8951,60.2462,0.8772,0.1716,,,0.0,58.6623,2.5189,55.2499,61.2538,22.3996,0.8951
1,23,2026-06-17T19:56:29.338900,"{'n_estimators': 1786, 'max_depth': 10, 'learning_rate': 0.08878888265538125, 'subsample': 0.5420699824975244, 'colsample_bytree': 0.5808143570473069, 'reg_alpha': 3.1100755757274885, 'reg_lambda': 0.1076825417908121, 'min_child_weight': 1, 'gamma': 0.1014715428660321, 'tree_method': 'hist', 'device': 'cpu'}",0.9087,59.7697,0.8873,0.1731,,,0.0,58.2679,2.5217,54.913,60.9926,22.2254,0.9087
1,24,2026-06-17T19:56:29.344959,"{'n_estimators': 1361, 'max_depth': 3, 'learning_rate': 0.017279572377986996, 'subsample': 0.7743668946832931, 'colsample_bytree': 0.8459475988463466, 'reg_alpha': 0.18188894230467811, 'reg_lambda': 0.001322350388953719, 'min_child_weight': 8, 'gamma': 0.23724908749680007, 'tree_method': 'hist', 'device': 'cpu'}",0.8934,60.2462,0.8753,0.1712,,,0.0,58.7839,2.4165,55.5867,61.4279,23.3593,0.8934
1,25,2026-06-17T19:56:29.350905,"{'n_estimators': 718, 'max_depth': 10, 'learning_rate': 0.09111430418810842, 'subsample': 0.924611705247089, 'colsample_bytree': 0.8288064461501716, 'reg_alpha': 0.06942933677610512, 'reg_lambda': 0.00029401794589686424, 'min_child_weight': 4, 'gamma': 0.26520236768172545, 'tree_method': 'hist', 'device': 'cpu'}",0.915,59.6108,0.8908,0.1738,,,0.0,57.8693,2.2989,54.7445,60.209,24.1235,0.915
1,26,2026-06-17T19:56:29.356735,"{'n_estimators': 563, 'max_depth': 12, 'learning_rate': 0.038076147829554464, 'subsample': 0.9460232775885566, 'colsample_bytree': 0.8155693129986314, 'reg_alpha': 0.9420121790275631, 'reg_lambda': 0.03259758793317359, 'min_child_weight': 6, 'gamma': 0.4925176938188639, 'tree_method': 'hist', 'device': 'cpu'}",0.914,59.9285,0.8923,0.1741,,,0.0,57.5508,2.4907,54.3515,60.4266,22.2144,0.914
1,27,2026-06-17T19:56:29.362706,"{'n_estimators': 471, 'max_depth': 10, 'learning_rate': 0.025985724173338116, 'subsample': 0.5121579832157269, 'colsample_bytree': 0.822736147953584, 'reg_alpha': 0.0007683399182003, 'reg_lambda': 5.038403230651893, 'min_child_weight': 10, 'gamma': 0.9148643902204485, 'tree_method': 'hist', 'device': 'cpu'}",0.9025,59.8888,0.884,0.1725,,,0.0,58.3116,2.5451,55.1937,61.4279,22.045,0.9025
1,28,2026-06-17T19:56:29.368491,"{'n_estimators': 803, 'max_depth': 3, 'learning_rate': 0.23509266543399573, 'subsample': 0.7140920741586572, 'colsample_bytree': 0.9833274095218347, 'reg_alpha': 6.578091125940401, 'reg_lambda': 1.840972398983908, 'min_child_weight': 3, 'gamma': 0.38509772860192526, 'tree_method': 'hist', 'device': 'cpu'}",0.8967,60.0874,0.8768,0.1714,,,0.0,58.5816,2.6179,55.2499,61.6456,21.5539,0.8967
1,29,2026-06-17T19:56:29.374352,"{'n_estimators': 1718, 'max_depth': 6, 'learning_rate': 0.017797595772834227, 'subsample': 0.7784006312291751, 'colsample_bytree': 0.9680773870803905, 'reg_alpha': 0.30209878831880693, 'reg_lambda': 0.07084445284509013, 'min_child_weight': 1, 'gamma': 0.6150072266991697, 'tree_method': 'hist', 'device': 'cpu'}",0.9015,60.3257,0.8805,0.1719,,,0.0,58.6692,2.4846,55.2499,61.0797,22.6992,0.9015
1,30,2026-06-17T19:56:29.380430,"{'n_estimators': 1982, 'max_depth': 4, 'learning_rate': 0.05829559595668967, 'subsample': 0.9386865359639778, 'colsample_bytree': 0.8703843088771022, 'reg_alpha': 0.30554747911734503, 'reg_lambda': 0.3254021513867689, 'min_child_weight': 4, 'gamma': 0.29359184426449336, 'tree_method': 'hist', 'device': 'cpu'}",0.8968,60.5242,0.8781,0.1717,,,0.0,58.7746,2.3672,55.5867,61.2538,23.8223,0.8968
1,31,2026-06-17T19:56:29.386255,"{'n_estimators': 1638, 'max_depth': 11, 'learning_rate': 0.19088462590130242, 'subsample': 0.9566202762782356, 'colsample_bytree': 0.7556711994304689, 'reg_alpha': 0.03217966164978632, 'reg_lambda': 0.9805638874011487, 'min_child_weight': 7, 'gamma': 0.7019668772577033, 'tree_method': 'hist', 'device': 'cpu'}",0.9231,59.2137,0.8962,0.1748,,,0.0,56.9064,2.6078,53.397,59.643,21.0155,0.9231
1,32,2026-06-17T19:56:29.392279,"{'n_estimators': 1612, 'max_depth': 11, 'learning_rate': 0.03156892767756196, 'subsample': 0.687791476319972, 'colsample_bytree': 0.5469909699204345, 'reg_alpha': 0.07787547434272361, 'reg_lambda': 0.00015125556736397559, 'min_child_weight': 5, 'gamma': 0.5426446347075766, 'tree_method': 'hist', 'device': 'cpu'}",0.9078,59.7697,0.8881,0.1735,,,0.0,58.0803,2.5987,54.6322,60.9055,21.522,0.9078
1,33,2026-06-17T19:56:29.398313,"{'n_estimators': 644, 'max_depth': 8, 'learning_rate': 0.011093090790700134, 'subsample': 0.5186740943746072, 'colsample_bytree': 0.9113002803298291, 'reg_alpha': 0.00632343715999823, 'reg_lambda': 0.0004318198112698201, 'min_child_weight': 6, 'gamma': 0.7699935530986108, 'tree_method': 'hist', 'device': 'cpu'}",0.9027,60.0079,0.8828,0.1724,,,0.0,58.3664,2.6451,55.0814,61.5586,21.2621,0.9027
1,34,2026-06-17T19:56:29.404145,"{'n_estimators': 510, 'max_depth': 9, 'learning_rate': 0.013368065184789592, 'subsample': 0.5258408605843039, 'colsample_bytree': 0.7656773157840739, 'reg_alpha': 0.05048653998722949, 'reg_lambda': 0.15386842469144071, 'min_child_weight': 8, 'gamma': 0.9758520794625346, 'tree_method': 'hist', 'device': 'cpu'}",0.9025,60.0079,0.8839,0.1725,,,0.0,58.5321,2.6231,55.1937,61.6021,21.4948,0.9025
1,35,2026-06-17T19:56:29.410094,"{'n_estimators': 1081, 'max_depth': 6, 'learning_rate': 0.1494811497982995, 'subsample': 0.6354161256310371, 'colsample_bytree': 0.719485710352818, 'reg_alpha': 0.0002467640598008329, 'reg_lambda': 0.00013389171890458435, 'min_child_weight': 10, 'gamma': 0.8359801205122058, 'tree_method': 'hist', 'device': 'cpu'}",0.9062,60.2859,0.8871,0.1731,,,0.0,58.3061,2.6799,54.6322,60.9491,20.9744,0.9062
1,36,2026-06-17T19:56:29.415925,"{'n_estimators': 1423, 'max_depth': 7, 'learning_rate': 0.018029211086856678, 'subsample': 0.5782185213355431, 'colsample_bytree': 0.6251214490822976, 'reg_alpha': 0.05573568249598126, 'reg_lambda': 0.3740930273158254, 'min_child_weight': 7, 'gamma': 0.27993389694594284, 'tree_method': 'hist', 'device': 'cpu'}",0.9021,60.0874,0.8825,0.1724,,,0.0,58.2911,2.7573,54.6884,61.3844,20.4009,0.9021
1,37,2026-06-17T19:56:29.421729,"{'n_estimators': 1915, 'max_depth': 10, 'learning_rate': 0.06589434624667669, 'subsample': 0.8058603731171761, 'colsample_bytree': 0.709800031213895, 'reg_alpha': 0.001732427015494911, 'reg_lambda': 0.006023700815747876, 'min_child_weight': 8, 'gamma': 0.014393488629755868, 'tree_method': 'hist', 'device': 'cpu'}",0.909,60.4845,0.8883,0.1734,,,0.0,57.5449,2.2259,54.8007,60.2525,24.7415,0.909
1,38,2026-06-17T19:56:29.427523,"{'n_estimators': 320, 'max_depth': 3, 'learning_rate': 0.011485803434383747, 'subsample': 0.9277302920055036, 'colsample_bytree': 0.8518289296900119, 'reg_alpha': 0.02348924974272152, 'reg_lambda': 0.0003084400772723215, 'min_child_weight': 5, 'gamma': 0.4734717707805657, 'tree_method': 'hist', 'device': 'cpu'}",0.8961,60.8022,0.8779,0.1716,,,0.0,58.8158,2.3362,55.5867,61.0361,24.142,0.8961
1,39,2026-06-17T19:56:29.433767,"{'n_estimators': 429, 'max_depth': 7, 'learning_rate': 0.0387828582840862, 'subsample': 0.8079250490261083, 'colsample_bytree': 0.8175468254338218, 'reg_alpha': 0.00016846901973653928, 'reg_lambda': 0.007465571739720186, 'min_child_weight': 7, 'gamma': 0.5031362585800877, 'tree_method': 'hist', 'device': 'cpu'}",0.9015,60.2462,0.8837,0.1726,,,0.0,58.7347,2.4481,55.4183,61.2538,23.0501,0.9015
1,40,2026-06-17T19:56:29.440334,"{'n_estimators': 1728, 'max_depth': 9, 'learning_rate': 0.017404995100538886, 'subsample': 0.5352843737002149, 'colsample_bytree': 0.8212096391031578, 'reg_alpha': 0.00013569272143605334, 'reg_lambda': 0.08489417776525741, 'min_child_weight': 10, 'gamma': 0.575474177875879, 'tree_method': 'hist', 'device': 'cpu'}",0.9027,59.8491,0.8832,0.1724,,,0.0,58.183,2.3788,55.0814,60.862,23.4727,0.9027
1,41,2026-06-17T19:56:29.449001,"{'n_estimators': 837, 'max_depth': 9, 'learning_rate': 0.0475220409906931, 'subsample': 0.7728083946579675, 'colsample_bytree': 0.9707324043882626, 'reg_alpha': 0.008521443895919795, 'reg_lambda': 6.396653397497477, 'min_child_weight': 10, 'gamma': 0.19579113478929644, 'tree_method': 'hist', 'device': 'cpu'}",0.9068,59.9285,0.8846,0.1727,,,0.0,57.9631,2.284,55.1376,60.7314,24.3131,0.9068
1,42,2026-06-17T19:56:29.455574,"{'n_estimators': 231, 'max_depth': 4, 'learning_rate': 0.010639368372762009, 'subsample': 0.5472214803779643, 'colsample_bytree': 0.8415033867081785, 'reg_alpha': 0.00022695682239207054, 'reg_lambda': 0.003934396739328545, 'min_child_weight': 9, 'gamma': 0.023271935735825866, 'tree_method': 'hist', 'device': 'cpu'}",0.9014,60.6831,0.8835,0.1724,,,0.0,58.6369,2.4032,55.5306,61.3844,23.4244,0.9014
1,43,2026-06-17T19:56:29.461899,"{'n_estimators': 1648, 'max_depth': 5, 'learning_rate': 0.014946647023314875, 'subsample': 0.8483685826820753, 'colsample_bytree': 0.8144714233899419, 'reg_alpha': 2.4398328121774395, 'reg_lambda': 0.4735384181058589, 'min_child_weight': 9, 'gamma': 0.2820345725713065, 'tree_method': 'hist', 'device': 'cpu'}",0.8993,60.6434,0.8802,0.172,,,0.0,58.5607,2.6811,55.0253,61.515,21.0566,0.8993
1,44,2026-06-17T19:56:29.468063,"{'n_estimators': 437, 'max_depth': 10, 'learning_rate': 0.1555223258052747, 'subsample': 0.9952525710003366, 'colsample_bytree': 0.7063088384557132, 'reg_alpha': 0.007245868181143029, 'reg_lambda': 0.7621927329345215, 'min_child_weight': 4, 'gamma': 0.9307573256035647, 'tree_method': 'hist', 'device': 'cpu'}",0.9161,60.0874,0.89,0.1738,,,0.0,57.9839,2.7313,54.4076,61.0361,20.4794,0.9161
1,45,2026-06-17T19:56:29.474172,"{'n_estimators': 1731, 'max_depth': 7, 'learning_rate': 0.12856643861355183, 'subsample': 0.8772714370423411, 'colsample_bytree': 0.5515619344179663, 'reg_alpha': 3.2566008612728377, 'reg_lambda': 0.03359401116673816, 'min_child_weight': 9, 'gamma': 0.32004960103061175, 'tree_method': 'hist', 'device': 'cpu'}",0.9053,60.0477,0.8836,0.1725,,,0.0,58.2584,2.116,55.5306,60.6879,26.2901,0.9053
1,46,2026-06-17T19:56:29.480458,"{'n_estimators': 1802, 'max_depth': 6, 'learning_rate': 0.01037548783064121, 'subsample': 0.9526909882096318, 'colsample_bytree': 0.5456433383930668, 'reg_alpha': 0.003949737087348694, 'reg_lambda': 5.62742655025921, 'min_child_weight': 10, 'gamma': 0.5734378881232861, 'tree_method': 'hist', 'device': 'cpu'}",0.9,60.3654,0.8817,0.1723,,,0.0,58.4037,2.628,54.913,61.2538,21.4092,0.9
1,47,2026-06-17T19:56:29.486722,"{'n_estimators': 1301, 'max_depth': 7, 'learning_rate': 0.027108648287297775, 'subsample': 0.664332272684958, 'colsample_bytree': 0.8362592280385193, 'reg_alpha': 0.5779265509773069, 'reg_lambda': 0.9076015285343484, 'min_child_weight': 8, 'gamma': 0.09120610304869037, 'tree_method': 'hist', 'device': 'cpu'}",0.9029,59.8888,0.8813,0.1721,,,0.0,58.5524,2.4302,55.4183,61.3409,23.1414,0.9029
1,48,2026-06-17T19:56:29.492715,"{'n_estimators': 1039, 'max_depth': 3, 'learning_rate': 0.06482175606162, 'subsample': 0.7207652506866885, 'colsample_bytree': 0.9438520913791499, 'reg_alpha': 0.00568296606544292, 'reg_lambda': 0.00038488863031271365, 'min_child_weight': 2, 'gamma': 0.7615106317174722, 'tree_method': 'hist', 'device': 'cpu'}",0.8931,60.4448,0.8743,0.1711,,,0.0,59.1741,2.4522,55.8675,61.7327,23.1858,0.8931
1,49,2026-06-17T19:56:29.498694,"{'n_estimators': 1275, 'max_depth': 4, 'learning_rate': 0.013311774465393798, 'subsample': 0.85048456572956, 'colsample_bytree': 0.5363815031820968, 'reg_alpha': 1.2861756891861482, 'reg_lambda': 0.3397904243111272, 'min_child_weight': 1, 'gamma': 0.08483771408519192, 'tree_method': 'hist', 'device': 'cpu'}",0.8967,60.3654,0.8779,0.1716,,,0.0,58.7369,2.3934,55.5867,61.3844,23.5568,0.8967
1,50,2026-06-17T19:56:29.504602,"{'n_estimators': 1975, 'max_depth': 6, 'learning_rate': 0.035276329730040294, 'subsample': 0.9063997836287513, 'colsample_bytree': 0.9736242886919293, 'reg_alpha': 8.511484627609871, 'reg_lambda': 0.5846432316866506, 'min_child_weight': 4, 'gamma': 0.08350071669866876, 'tree_method': 'hist', 'device': 'cpu'}",0.9023,59.8888,0.8822,0.1723,,,0.0,58.429,2.6742,55.0253,61.5586,21.0613,0.9023
1,51,2026-06-17T19:56:29.510593,"{'n_estimators': 1577, 'max_depth': 8, 'learning_rate': 0.04232796082488226, 'subsample': 0.953177192547368, 'colsample_bytree': 0.5555987411530756, 'reg_alpha': 0.029048621075181583, 'reg_lambda': 0.00011396414164620817, 'min_child_weight': 5, 'gamma': 0.05630327568183735, 'tree_method': 'hist', 'device': 'cpu'}",0.9065,60.0079,0.8868,0.1731,,,0.0,58.24,2.646,54.6884,61.0361,21.2093,0.9065
1,52,2026-06-17T19:56:29.516496,"{'n_estimators': 325, 'max_depth': 4, 'learning_rate': 0.09098343643021342, 'subsample': 0.8730224396327116, 'colsample_bytree': 0.7916843825485798, 'reg_alpha': 6.46938120345945, 'reg_lambda': 0.007487776927545513, 'min_child_weight': 3, 'gamma': 0.8685991281894603, 'tree_method': 'hist', 'device': 'cpu'}",0.8976,60.2859,0.877,0.1715,,,0.0,58.7646,2.6076,55.306,61.6021,21.7035,0.8976
1,53,2026-06-17T19:56:29.522460,"{'n_estimators': 525, 'max_depth': 12, 'learning_rate': 0.010422061531643646, 'subsample': 0.9849394133538195, 'colsample_bytree': 0.5215799559752881, 'reg_alpha': 2.8557196407381817, 'reg_lambda': 0.04350163152436991, 'min_child_weight': 10, 'gamma': 0.07379656473539886, 'tree_method': 'hist', 'device': 'cpu'}",0.9051,60.3257,0.8865,0.173,,,0.0,58.3779,2.285,55.2499,60.6443,24.4772,0.9051
1,54,2026-06-17T19:56:29.528385,"{'n_estimators': 1152, 'max_depth': 12, 'learning_rate': 0.05924871612112372, 'subsample': 0.8146993190676313, 'colsample_bytree': 0.8478743444923086, 'reg_alpha': 0.01873722724051288, 'reg_lambda': 0.13733789936794935, 'min_child_weight': 6, 'gamma': 0.901158010490989, 'tree_method': 'hist', 'device': 'cpu'}",0.9107,60.0079,0.8877,0.1733,,,0.0,57.9256,2.369,54.7445,60.4266,23.4609,0.9107
1,55,2026-06-17T19:56:29.534105,"{'n_estimators': 186, 'max_depth': 5, 'learning_rate': 0.2534387418029853, 'subsample': 0.9451318919454581, 'colsample_bytree': 0.7278283763928565, 'reg_alpha': 0.12608487406759605, 'reg_lambda': 0.0024372827508297025, 'min_child_weight': 2, 'gamma': 0.46369840493998216, 'tree_method': 'hist', 'device': 'cpu'}",0.9077,60.3257,0.8813,0.1723,,,0.0,58.548,2.6531,55.0253,61.4279,21.2662,0.9077
1,56,2026-06-17T19:56:29.539957,"{'n_estimators': 771, 'max_depth': 8, 'learning_rate': 0.013026372243844588, 'subsample': 0.9871974038330833, 'colsample_bytree': 0.9931053722398014, 'reg_alpha': 0.3096054308327395, 'reg_lambda': 0.04791614072461612, 'min_child_weight': 4, 'gamma': 0.8137950197069487, 'tree_method': 'hist', 'device': 'cpu'}",0.9124,59.2931,0.8891,0.1736,,,0.0,57.8287,2.6651,54.2953,60.7314,20.914,0.9124
1,57,2026-06-17T19:56:29.545772,"{'n_estimators': 1401, 'max_depth': 4, 'learning_rate': 0.22158987153949872, 'subsample': 0.9112686214615845, 'colsample_bytree': 0.974899956645962, 'reg_alpha': 0.4252041963570037, 'reg_lambda': 0.11670137678830994, 'min_child_weight': 5, 'gamma': 0.9327284833540133, 'tree_method': 'hist', 'device': 'cpu'}",0.8991,60.6434,0.8761,0.1712,,,0.0,58.8464,2.4629,55.5306,61.4279,22.9606,0.8991
1,58,2026-06-17T19:56:29.551759,"{'n_estimators': 1746, 'max_depth': 3, 'learning_rate': 0.010938234214531259, 'subsample': 0.6882316834390247, 'colsample_bytree': 0.9052766653909164, 'reg_alpha': 8.63735255116367, 'reg_lambda': 0.0005650468465378644, 'min_child_weight': 6, 'gamma': 0.3808908566310215, 'tree_method': 'hist', 'device': 'cpu'}",0.8962,60.2859,0.878,0.1716,,,0.0,59.076,2.5925,55.6429,61.9068,21.9413,0.8962
1,59,2026-06-17T19:56:29.558822,"{'n_estimators': 1943, 'max_depth': 11, 'learning_rate': 0.17310640936212146, 'subsample': 0.7343465798974851, 'colsample_bytree': 0.7074097511688326, 'reg_alpha': 0.0023282808153384134, 'reg_lambda': 0.0001913715979574474, 'min_child_weight': 9, 'gamma': 0.8129010091300776, 'tree_method': 'hist', 'device': 'cpu'}",0.9145,60.1668,0.892,0.1742,,,0.0,57.6461,2.838,53.9585,60.862,19.6206,0.9145
1,60,2026-06-17T19:56:29.566007,"{'n_estimators': 2000, 'max_depth': 12, 'learning_rate': 0.06613631268060144, 'subsample': 0.8844937075902553, 'colsample_bytree': 0.9723828649412141, 'reg_alpha': 1.771075002727274, 'reg_lambda': 0.0017248070105409814, 'min_child_weight': 5, 'gamma': 0.12915941515149498, 'tree_method': 'hist', 'device': 'cpu'}",0.9148,59.5314,0.8907,0.1737,,,0.0,57.514,2.3809,54.7445,60.5572,23.1826,0.9148
1,61,2026-06-17T19:56:29.572820,"{'n_estimators': 1913, 'max_depth': 9, 'learning_rate': 0.021763720895566423, 'subsample': 0.8358503422029284, 'colsample_bytree': 0.8090641202289479, 'reg_alpha': 0.006177511892740272, 'reg_lambda': 0.00036964765973876657, 'min_child_weight': 7, 'gamma': 0.5203077009037933, 'tree_method': 'hist', 'device': 'cpu'}",0.9058,60.0477,0.8856,0.1729,,,0.0,58.1653,2.6985,54.7445,61.3409,20.7843,0.9058
1,62,2026-06-17T19:56:29.578966,"{'n_estimators': 1568, 'max_depth': 8, 'learning_rate': 0.18145770215697452, 'subsample': 0.7759534193872428, 'colsample_bytree': 0.7804689857676932, 'reg_alpha': 2.416951931920674, 'reg_lambda': 0.010409127568994278, 'min_child_weight': 2, 'gamma': 0.028782676313338973, 'tree_method': 'hist', 'device': 'cpu'}",0.9119,59.4122,0.888,0.1733,,,0.0,58.1185,2.8347,54.5761,61.515,19.804,0.9119
1,63,2026-06-17T19:56:29.584859,"{'n_estimators': 1535, 'max_depth': 9, 'learning_rate': 0.10965064494899988, 'subsample': 0.6064820807544553, 'colsample_bytree': 0.5681857377933849, 'reg_alpha': 0.00011822881272378536, 'reg_lambda': 0.005661581898267358, 'min_child_weight': 6, 'gamma': 0.3922440450997323, 'tree_method': 'hist', 'device': 'cpu'}",0.9136,59.7697,0.8882,0.1733,,,0.0,57.7708,3.2389,53.4531,61.2538,17.3026,0.9136
1,64,2026-06-17T19:56:29.590753,"{'n_estimators': 931, 'max_depth': 12, 'learning_rate': 0.032690047558986524, 'subsample': 0.7569947445799055, 'colsample_bytree': 0.8918265063705715, 'reg_alpha': 0.009609790317473514, 'reg_lambda': 0.12895360899367375, 'min_child_weight': 9, 'gamma': 0.9495206236576421, 'tree_method': 'hist', 'device': 'cpu'}",0.9065,59.5711,0.8868,0.1731,,,0.0,58.3647,2.6623,55.0814,61.6021,21.1294,0.9065
1,65,2026-06-17T19:56:29.596636,"{'n_estimators': 379, 'max_depth': 12, 'learning_rate': 0.0533231057233874, 'subsample': 0.6291221941494791, 'colsample_bytree': 0.7295678781191306, 'reg_alpha': 7.946261929395092, 'reg_lambda': 0.029046276683520472, 'min_child_weight': 4, 'gamma': 0.6334008543167258, 'tree_method': 'hist', 'device': 'cpu'}",0.9008,60.0079,0.8806,0.1719,,,0.0,58.967,2.3647,55.9236,61.6892,23.9247,0.9008
1,66,2026-06-17T19:56:29.602660,"{'n_estimators': 556, 'max_depth': 3, 'learning_rate': 0.015501401910995439, 'subsample': 0.5640229194788862, 'colsample_bytree': 0.5759513467561472, 'reg_alpha': 0.000494465349695495, 'reg_lambda': 0.16009350908593592, 'min_child_weight': 2, 'gamma': 0.3456672833238632, 'tree_method': 'hist', 'device': 'cpu'}",0.8938,60.1668,0.876,0.1714,,,0.0,58.9112,2.1189,56.1482,61.2973,26.5492,0.8938
1,67,2026-06-17T19:56:29.608882,"{'n_estimators': 1804, 'max_depth': 7, 'learning_rate': 0.09684199427475873, 'subsample': 0.5861599356008149, 'colsample_bytree': 0.5961445094043354, 'reg_alpha': 0.0001600822137048068, 'reg_lambda': 0.0006993189798526718, 'min_child_weight': 3, 'gamma': 0.17701048427674682, 'tree_method': 'hist', 'device': 'cpu'}",0.9099,60.0477,0.8859,0.1731,,,0.0,58.0273,2.851,54.1269,60.862,19.6636,0.9099
1,68,2026-06-17T19:56:29.614499,"{'n_estimators': 268, 'max_depth': 4, 'learning_rate': 0.04793206195369328, 'subsample': 0.6031668592028963, 'colsample_bytree': 0.6821349305240377, 'reg_alpha': 0.032891702559909926, 'reg_lambda': 0.2831223426520225, 'min_child_weight': 1, 'gamma': 0.7994103989090426, 'tree_method': 'hist', 'device': 'cpu'}",0.8974,60.1668,0.8777,0.1715,,,0.0,58.7868,2.5597,55.3622,61.515,22.1027,0.8974
1,69,2026-06-17T19:56:29.621175,"{'n_estimators': 1293, 'max_depth': 3, 'learning_rate': 0.1951558406059598, 'subsample': 0.9604362002659066, 'colsample_bytree': 0.5305389799274318, 'reg_alpha': 0.0024231943110844464, 'reg_lambda': 1.074005236791947, 'min_child_weight': 8, 'gamma': 0.18452101935637732, 'tree_method': 'hist', 'device': 'cpu'}",0.8959,60.4448,0.8756,0.1713,,,0.0,58.6957,2.6555,55.1376,61.515,21.3015,0.8959
1,70,2026-06-17T19:56:29.626958,"{'n_estimators': 497, 'max_depth': 6, 'learning_rate': 0.05196359626453672, 'subsample': 0.809127385765148, 'colsample_bytree': 0.6844568197848862, 'reg_alpha': 0.020543459521187118, 'reg_lambda': 0.5462037665708601, 'min_child_weight': 1, 'gamma': 0.25243694434402075, 'tree_method': 'hist', 'device': 'cpu'}",0.9027,60.2859,0.8815,0.1722,,,0.0,58.5024,2.6009,55.1376,61.4715,21.6603,0.9027
1,71,2026-06-17T19:56:29.633147,"{'n_estimators': 1456, 'max_depth': 11, 'learning_rate': 0.05699143933063241, 'subsample': 0.7660567426326579, 'colsample_bytree': 0.553586005669888, 'reg_alpha': 0.01726083631377679, 'reg_lambda': 0.046034807588787946, 'min_child_weight': 3, 'gamma': 0.26924323094938096, 'tree_method': 'hist', 'device': 'cpu'}",0.9147,59.6902,0.8916,0.1739,,,0.0,57.6374,2.1312,54.8568,60.0348,25.8325,0.9147
1,72,2026-06-17T19:56:29.639221,"{'n_estimators': 817, 'max_depth': 3, 'learning_rate': 0.029905425167400378, 'subsample': 0.6057240034982723, 'colsample_bytree': 0.6637486760889573, 'reg_alpha': 0.00039701842220478086, 'reg_lambda': 2.8355440845215822, 'min_child_weight': 6, 'gamma': 0.6791023191444896, 'tree_method': 'hist', 'device': 'cpu'}",0.895,60.1271,0.8765,0.1714,,,0.0,58.8975,2.573,55.5306,61.7762,22.034,0.895
1,73,2026-06-17T19:56:29.644944,"{'n_estimators': 1600, 'max_depth': 7, 'learning_rate': 0.01343976902423211, 'subsample': 0.768553270909274, 'colsample_bytree': 0.7934205590104395, 'reg_alpha': 0.5335773317316399, 'reg_lambda': 0.014397852866783682, 'min_child_weight': 2, 'gamma': 0.28377590579872447, 'tree_method': 'hist', 'device': 'cpu'}",0.903,60.1668,0.8838,0.1725,,,0.0,58.3206,2.4722,55.0814,61.0797,22.6735,0.903
1,74,2026-06-17T19:56:29.651166,"{'n_estimators': 790, 'max_depth': 9, 'learning_rate': 0.06968010004656464, 'subsample': 0.6780483629489231, 'colsample_bytree': 0.9932576243964899, 'reg_alpha': 0.10687450020671586, 'reg_lambda': 0.0015350904103515238, 'min_child_weight': 2, 'gamma': 0.15285913918433203, 'tree_method': 'hist', 'device': 'cpu'}",0.9141,59.2137,0.8895,0.1736,,,0.0,57.4702,3.1108,53.6777,61.2973,17.899,0.9141
1,75,2026-06-17T19:56:29.656848,"{'n_estimators': 567, 'max_depth': 4, 'learning_rate': 0.01886175574962433, 'subsample': 0.6425475843469235, 'colsample_bytree': 0.5866867976473774, 'reg_alpha': 3.046681974719201, 'reg_lambda': 0.0002518655263697918, 'min_child_weight': 6, 'gamma': 0.4103968269896615, 'tree_method': 'hist', 'device': 'cpu'}",0.8973,60.2859,0.8794,0.1718,,,0.0,59.0304,2.5416,55.7552,61.9504,22.3463,0.8973
1,76,2026-06-17T19:56:29.662894,"{'n_estimators': 1967, 'max_depth': 4, 'learning_rate': 0.0386973264917177, 'subsample': 0.9847352166376844, 'colsample_bytree': 0.9327535629469901, 'reg_alpha': 1.2171955466763182, 'reg_lambda': 0.0019476644406315297, 'min_child_weight': 2, 'gamma': 0.668643219924431, 'tree_method': 'hist', 'device': 'cpu'}",0.897,60.4051,0.8791,0.1718,,,0.0,58.7086,2.5673,55.1937,61.2538,22.0107,0.897
1,77,2026-06-17T19:56:29.668714,"{'n_estimators': 1866, 'max_depth': 8, 'learning_rate': 0.06987812657572089, 'subsample': 0.6399895468301421, 'colsample_bytree': 0.8847464665959685, 'reg_alpha': 0.0008614275214800753, 'reg_lambda': 0.004153327541909822, 'min_child_weight': 5, 'gamma': 0.507610378684455, 'tree_method': 'hist', 'device': 'cpu'}",0.908,59.6902,0.8873,0.1731,,,0.0,57.7335,2.4661,54.5199,60.5137,22.4989,0.908
1,78,2026-06-17T19:56:29.674364,"{'n_estimators': 560, 'max_depth': 4, 'learning_rate': 0.0797920904628903, 'subsample': 0.6443152766201279, 'colsample_bytree': 0.7906191107113061, 'reg_alpha': 0.0005913077571285065, 'reg_lambda': 0.02545074556541604, 'min_child_weight': 6, 'gamma': 0.05182353682242691, 'tree_method': 'hist', 'device': 'cpu'}",0.8979,60.4845,0.875,0.1712,,,0.0,58.6668,2.7727,54.9691,61.6456,20.4224,0.8979
1,79,2026-06-17T19:56:29.680110,"{'n_estimators': 739, 'max_depth': 4, 'learning_rate': 0.012405449807068446, 'subsample': 0.9949801161949726, 'colsample_bytree': 0.6611769224873615, 'reg_alpha': 1.1203977532960399, 'reg_lambda': 0.0018758723145337276, 'min_child_weight': 7, 'gamma': 0.7602278598896866, 'tree_method': 'hist', 'device': 'cpu'}",0.8974,60.3257,0.8792,0.1719,,,0.0,58.6743,2.5645,55.1937,61.2973,22.0205,0.8974
1,80,2026-06-17T19:56:29.685974,"{'n_estimators': 1232, 'max_depth': 7, 'learning_rate': 0.04058251593473073, 'subsample': 0.6744341332714976, 'colsample_bytree': 0.9647645721239129, 'reg_alpha': 1.422646628363208, 'reg_lambda': 6.685510162938969, 'min_child_weight': 2, 'gamma': 0.7308674752036443, 'tree_method': 'hist', 'device': 'cpu'}",0.9015,59.8491,0.8817,0.1722,,,0.0,58.4864,2.431,55.4745,61.4279,23.1079,0.9015
1,81,2026-06-17T19:56:29.692105,"{'n_estimators': 1883, 'max_depth': 4, 'learning_rate': 0.012537849427052715, 'subsample': 0.8705603246450295, 'colsample_bytree': 0.787236556589956, 'reg_alpha': 1.6186162039332974, 'reg_lambda': 0.0004998755363568285, 'min_child_weight': 8, 'gamma': 0.20162732004774453, 'tree_method': 'hist', 'device': 'cpu'}",0.8968,60.4448,0.8778,0.1716,,,0.0,58.5552,2.4176,55.3622,61.2103,23.2584,0.8968
1,82,2026-06-17T19:56:29.698071,"{'n_estimators': 411, 'max_depth': 4, 'learning_rate': 0.15967084837073278, 'subsample': 0.8325986103481, 'colsample_bytree': 0.7615327123845597, 'reg_alpha': 0.006225187269045145, 'reg_lambda': 2.432219152852517, 'min_child_weight': 4, 'gamma': 0.8165994394715771, 'tree_method': 'hist', 'device': 'cpu'}",0.8958,60.2462,0.8786,0.1718,,,0.0,58.4825,2.44,55.0814,60.6879,23.0247,0.8958
1,83,2026-06-17T19:56:29.703895,"{'n_estimators': 934, 'max_depth': 6, 'learning_rate': 0.048242982102888576, 'subsample': 0.650688937082071, 'colsample_bytree': 0.8738046900881256, 'reg_alpha': 0.03262886375365336, 'reg_lambda': 0.0014489836190209105, 'min_child_weight': 9, 'gamma': 0.3838912213732114, 'tree_method': 'hist', 'device': 'cpu'}",0.9012,60.6037,0.8805,0.172,,,0.0,58.7932,2.4718,55.5867,61.6021,22.8608,0.9012
1,84,2026-06-17T19:56:29.710138,"{'n_estimators': 1133, 'max_depth': 12, 'learning_rate': 0.08357477417435227, 'subsample': 0.5584490203541821, 'colsample_bytree': 0.9699160618067375, 'reg_alpha': 0.13757523564319377, 'reg_lambda': 0.004726373877250433, 'min_child_weight': 2, 'gamma': 0.794025189270296, 'tree_method': 'hist', 'device': 'cpu'}",0.919,59.3328,0.8947,0.1745,,,0.0,57.8534,2.0872,55.3622,60.4702,26.4506,0.919
1,85,2026-06-17T19:56:29.715869,"{'n_estimators': 1278, 'max_depth': 8, 'learning_rate': 0.20911622668913102, 'subsample': 0.8942986056122654, 'colsample_bytree': 0.5758374398663756, 'reg_alpha': 0.0036191812974082738, 'reg_lambda': 0.0017476147401057959, 'min_child_weight': 8, 'gamma': 0.03353243473577938, 'tree_method': 'hist', 'device': 'cpu'}",0.9116,60.0079,0.8875,0.1732,,,0.0,57.6196,2.7781,54.0146,60.7749,20.0197,0.9116
1,86,2026-06-17T19:56:29.721895,"{'n_estimators': 1183, 'max_depth': 10, 'learning_rate': 0.19728277015880952, 'subsample': 0.6710408743579537, 'colsample_bytree': 0.9106286523360064, 'reg_alpha': 0.0003574034042112756, 'reg_lambda': 1.7071098124594704, 'min_child_weight': 2, 'gamma': 0.39728729056036727, 'tree_method': 'hist', 'device': 'cpu'}",0.9271,59.4122,0.8952,0.1749,,,0.0,56.6936,2.3239,53.5093,58.99,23.3891,0.9271
1,87,2026-06-17T19:56:29.728607,"{'n_estimators': 1615, 'max_depth': 4, 'learning_rate': 0.021808817013805933, 'subsample': 0.8611262841965331, 'colsample_bytree': 0.8600182682730372, 'reg_alpha': 0.16059727222314255, 'reg_lambda': 0.2949458041415269, 'min_child_weight': 6, 'gamma': 0.25179905890695276, 'tree_method': 'hist', 'device': 'cpu'}",0.8957,60.5639,0.8767,0.1715,,,0.0,58.9725,2.3466,55.8113,61.4279,24.1035,0.8957
1,88,2026-06-17T19:56:29.734796,"{'n_estimators': 757, 'max_depth': 4, 'learning_rate': 0.21973115219294292, 'subsample': 0.7916958973830602, 'colsample_bytree': 0.70042570838182, 'reg_alpha': 0.020418743718729582, 'reg_lambda': 5.450253444559131, 'min_child_weight': 2, 'gamma': 0.5862298320167972, 'tree_method': 'hist', 'device': 'cpu'}",0.8974,60.2859,0.8809,0.1721,,,0.0,58.7795,2.5972,55.4745,61.8198,21.7926,0.8974
1,89,2026-06-17T19:56:29.740749,"{'n_estimators': 1061, 'max_depth': 9, 'learning_rate': 0.010635329202317688, 'subsample': 0.9360619544720757, 'colsample_bytree': 0.9660591412418063, 'reg_alpha': 0.06693694972526557, 'reg_lambda': 0.3042664863981402, 'min_child_weight': 10, 'gamma': 0.7072386343133986, 'tree_method': 'hist', 'device': 'cpu'}",0.9075,59.9682,0.8864,0.1731,,,0.0,57.8452,2.486,54.6322,60.6879,22.3684,0.9075
1,90,2026-06-17T19:56:29.746769,"{'n_estimators': 389, 'max_depth': 8, 'learning_rate': 0.07873932556729686, 'subsample': 0.712065335651193, 'colsample_bytree': 0.8682221178123615, 'reg_alpha': 4.697156971390478, 'reg_lambda': 4.244656636175243, 'min_child_weight': 5, 'gamma': 0.11323804584075525, 'tree_method': 'hist', 'device': 'cpu'}",0.9051,60.5242,0.884,0.1726,,,0.0,58.5913,2.3631,55.6429,61.4279,23.788,0.9051
1,91,2026-06-17T19:56:29.752712,"{'n_estimators': 1972, 'max_depth': 11, 'learning_rate': 0.015280652380617881, 'subsample': 0.9604209413086862, 'colsample_bytree': 0.9349481810310641, 'reg_alpha': 0.039281701002320875, 'reg_lambda': 0.09044346216330976, 'min_child_weight': 4, 'gamma': 0.05476163882203133, 'tree_method': 'hist', 'device': 'cpu'}",0.9163,59.4122,0.892,0.1739,,,0.0,58.0119,2.2863,55.1376,60.7314,24.3105,0.9163
1,92,2026-06-17T19:56:29.758704,"{'n_estimators': 737, 'max_depth': 11, 'learning_rate': 0.010158791797488999, 'subsample': 0.6667495858455721, 'colsample_bytree': 0.6990843467954717, 'reg_alpha': 0.04863825828994058, 'reg_lambda': 3.9744595568350207, 'min_child_weight': 4, 'gamma': 0.3469532018962277, 'tree_method': 'hist', 'device': 'cpu'}",0.9048,59.8888,0.8869,0.173,,,0.0,58.3345,2.4815,55.306,61.3844,22.5967,0.9048
1,93,2026-06-17T19:56:29.764578,"{'n_estimators': 1501, 'max_depth': 7, 'learning_rate': 0.021466861675990424, 'subsample': 0.7262197580663468, 'colsample_bytree': 0.5704285101898999, 'reg_alpha': 0.0007619648413221233, 'reg_lambda': 0.031034079168999185, 'min_child_weight': 5, 'gamma': 0.9148459010681, 'tree_method': 'hist', 'device': 'cpu'}",0.9009,59.8888,0.883,0.1724,,,0.0,58.1817,2.5598,54.8007,60.9926,21.8746,0.9009
1,94,2026-06-17T19:56:29.770452,"{'n_estimators': 788, 'max_depth': 8, 'learning_rate': 0.0858877089840593, 'subsample': 0.5065472282941668, 'colsample_bytree': 0.8317686860083553, 'reg_alpha': 0.0007765686146138309, 'reg_lambda': 6.387804078522873, 'min_child_weight': 2, 'gamma': 0.41462412372702373, 'tree_method': 'hist', 'device': 'cpu'}",0.91,60.1668,0.8843,0.1725,,,0.0,58.253,2.0064,55.699,60.6008,27.6548,0.91
1,95,2026-06-17T19:56:29.776354,"{'n_estimators': 262, 'max_depth': 12, 'learning_rate': 0.055182697177536294, 'subsample': 0.797692508660022, 'colsample_bytree': 0.5335382386942138, 'reg_alpha': 0.5620854611217181, 'reg_lambda': 0.0011207995953409972, 'min_child_weight': 9, 'gamma': 0.20513964048200717, 'tree_method': 'hist', 'device': 'cpu'}",0.9072,59.9285,0.8912,0.1739,,,0.0,58.26,2.4365,55.0253,60.9055,22.9686,0.9072
1,96,2026-06-17T19:56:29.782246,"{'n_estimators': 462, 'max_depth': 3, 'learning_rate': 0.04980811640004613, 'subsample': 0.7824205666313082, 'colsample_bytree': 0.5328543197141762, 'reg_alpha': 0.7544632385121262, 'reg_lambda': 0.018469033699850434, 'min_child_weight': 6, 'gamma': 0.44076274693822814, 'tree_method': 'hist', 'device': 'cpu'}",0.8952,60.5242,0.8765,0.1715,,,0.0,59.0265,2.5976,55.5867,61.8633,21.881,0.8952
1,97,2026-06-17T19:56:29.788480,"{'n_estimators': 861, 'max_depth': 8, 'learning_rate': 0.016955424480598027, 'subsample': 0.5909640652476356, 'colsample_bytree': 0.9308928105067587, 'reg_alpha': 5.377461511565786, 'reg_lambda': 0.007354388726789682, 'min_child_weight': 3, 'gamma': 0.6439995432390158, 'tree_method': 'hist', 'device': 'cpu'}",0.9005,60.5242,0.8804,0.1719,,,0.0,58.8332,2.5512,55.5867,61.8198,22.1908,0.9005
1,98,2026-06-17T19:56:29.794289,"{'n_estimators': 877, 'max_depth': 3, 'learning_rate': 0.017008120360872906, 'subsample': 0.8579861144236988, 'colsample_bytree': 0.8294619709550757, 'reg_alpha': 0.00013660920454697042, 'reg_lambda': 0.0012878367369717515, 'min_child_weight': 3, 'gamma': 0.6718927435987284, 'tree_method': 'hist', 'device': 'cpu'}",0.8938,60.5639,0.8749,0.1712,,,0.0,58.8638,2.4158,55.7552,61.6456,23.3973,0.8938
1,99,2026-06-17T19:56:29.800321,"{'n_estimators': 137, 'max_depth': 4, 'learning_rate': 0.15190534371012385, 'subsample': 0.5892723310271668, 'colsample_bytree': 0.8263730539259373, 'reg_alpha': 0.0015520792944431101, 'reg_lambda': 0.0003142005665463892, 'min_child_weight': 3, 'gamma': 0.7222669318556592, 'tree_method': 'hist', 'device': 'cpu'}",0.9008,60.0874,0.8795,0.172,,,0.0,58.55,2.4385,55.1376,60.6879,23.0644,0.9008
